{
	"format_version": "1.8.0",
	"animations": {
		"idle": {
			"loop": true,
			"animation_length": 1.25,
			"bones": {
				"bone9": {
					"rotation": {
						"0.0": {
							"vector": [-20.90052, -9.57658, 39.02504]
						},
						"0.5": {
							"vector": [-22.23922, 11.00072, -46.50931]
						},
						"1.0": {
							"vector": [-20.90052, -9.57658, 39.02504]
						}
					},
					"position": {
						"0.0": {
							"vector": [-2, 0, 0]
						},
						"0.5": {
							"vector": [2, 0, 0]
						},
						"1.0": {
							"vector": [-2, 0, 0]
						}
					}
				},
				"bone10": {
					"rotation": {
						"0.0": {
							"vector": [43.64293, -12.27659, 12.56853]
						},
						"0.5": {
							"vector": [43.64293, -12.27659, 12.56853]
						},
						"0.75": {
							"vector": [42.73421, 15.69986, -16.32495]
						},
						"1.0": {
							"vector": [42.73421, 15.69986, -16.32495]
						},
						"1.25": {
							"vector": [43.64293, -12.27659, 12.56853]
						}
					},
					"position": {
						"0.0": {
							"vector": [-0.9, 0, 2.6]
						},
						"0.5": {
							"vector": [-0.9, 0, 2.6]
						},
						"0.75": {
							"vector": [1.2, 1.1, 1.9]
						},
						"1.0": {
							"vector": [1.2, 1.1, 1.9]
						},
						"1.25": {
							"vector": [-0.9, 0, 2.6]
						}
					}
				},
				"bone11": {
					"rotation": {
						"0.0": {
							"vector": [0, 0, 30]
						},
						"0.5": {
							"vector": [0, 0, 30]
						},
						"0.75": {
							"vector": [0, 0, -32.5]
						},
						"1.0": {
							"vector": [0, 0, -32.5]
						},
						"1.25": {
							"vector": [0, 0, 30]
						}
					},
					"position": {
						"0.0": {
							"vector": [-2.7, 1.7, 0]
						},
						"0.5": {
							"vector": [-2.7, 1.7, 0]
						},
						"0.75": {
							"vector": [2.7, -1.4, 0]
						},
						"1.0": {
							"vector": [2.7, -1.4, 0]
						},
						"1.25": {
							"vector": [-2.7, 1.7, 0]
						}
					}
				}
			}
		},
		"walk": {
			"loop": true,
			"animation_length": 1.25,
			"bones": {
				"bone9": {
					"rotation": {
						"0.0": {
							"vector": [-0.90052, -9.57658, 39.02504]
						},
						"0.5": {
							"vector": [-22.23922, 11.00072, -46.50931]
						},
						"0.7917": {
							"vector": [-31.45831, -1.0027, 3.38573]
						},
						"1.0": {
							"vector": [-20.90052, -9.57658, 39.02504]
						},
						"1.25": {
							"vector": [-0.90052, -9.57658, 39.02504]
						}
					},
					"position": {
						"0.0": {
							"vector": [-2, 1, 0]
						},
						"0.5": {
							"vector": [2, 0, 0]
						},
						"0.7917": {
							"vector": [-0.33, 0, -1]
						},
						"1.0": {
							"vector": [-2, 0, 0]
						},
						"1.25": {
							"vector": [-2, 1, 0]
						}
					}
				},
				"bone10": {
					"rotation": {
						"0.0": {
							"vector": [43.64293, -12.27659, 12.56853]
						},
						"0.5": {
							"vector": [43.64293, -12.27659, 12.56853]
						},
						"0.75": {
							"vector": [42.73421, 15.69986, -16.32495]
						},
						"1.0": {
							"vector": [42.73421, 15.69986, -16.32495]
						},
						"1.25": {
							"vector": [43.64293, -12.27659, 12.56853]
						}
					},
					"position": {
						"0.0": {
							"vector": [-0.9, 0, 2.6]
						},
						"0.5": {
							"vector": [-0.9, 0, 2.6]
						},
						"0.75": {
							"vector": [1.2, 1.1, 1.9]
						},
						"1.0": {
							"vector": [1.2, 1.1, 1.9]
						},
						"1.25": {
							"vector": [-0.9, 0, 2.6]
						}
					}
				},
				"bone11": {
					"rotation": {
						"0.0": {
							"vector": [0, 0, 30]
						},
						"0.5": {
							"vector": [0, 0, 30]
						},
						"0.75": {
							"vector": [0, 0, -32.5]
						},
						"1.0": {
							"vector": [0, 0, -32.5]
						},
						"1.25": {
							"vector": [0, 0, 30]
						}
					},
					"position": {
						"0.0": {
							"vector": [-2.7, 1.7, 0]
						},
						"0.5": {
							"vector": [-2.7, 1.7, 0]
						},
						"0.75": {
							"vector": [2.7, -1.4, 0]
						},
						"1.0": {
							"vector": [2.7, -1.4, 0]
						},
						"1.25": {
							"vector": [-2.7, 1.7, 0]
						}
					}
				},
				"bone13": {
					"rotation": {
						"0.0": {
							"vector": [0, 0, 0]
						},
						"0.2917": {
							"vector": [-45, 0, 0]
						},
						"0.625": {
							"vector": [0, 0, 0]
						},
						"0.9583": {
							"vector": [-45, 0, 0]
						},
						"1.25": {
							"vector": [0, 0, 0]
						}
					},
					"position": {
						"0.0": {
							"vector": [0, 0, 0]
						},
						"0.2917": {
							"vector": [0, 1, 0]
						},
						"0.625": {
							"vector": [0, 0, 0]
						},
						"0.9583": {
							"vector": [0, 1, 0]
						},
						"1.25": {
							"vector": [0, 0, 0]
						}
					}
				},
				"bone12": {
					"rotation": {
						"0.0": {
							"vector": [0, 0, 0]
						},
						"0.2917": {
							"vector": [-25, 0, 0]
						},
						"0.625": {
							"vector": [0, 0, 0]
						},
						"0.9583": {
							"vector": [-25, 0, 0]
						},
						"1.25": {
							"vector": [0, 0, 0]
						}
					},
					"position": {
						"0.0": {
							"vector": [0, 0, 0]
						},
						"0.2917": {
							"vector": [0, 0.5, 0]
						},
						"0.625": {
							"vector": [0, 0, 0]
						},
						"0.9583": {
							"vector": [0, 0.5, 0]
						},
						"1.25": {
							"vector": [0, 0, 0]
						}
					}
				}
			}
		},
		"run": {
			"loop": true,
			"animation_length": 1,
			"bones": {
				"bone6": {
					"rotation": {
						"0.0": {
							"vector": [0, 0, 0]
						},
						"0.25": {
							"vector": [17.5, 0, 0]
						},
						"0.5": {
							"vector": [0, 0, 0]
						},
						"0.75": {
							"vector": [17.5, 0, 0]
						},
						"1.0": {
							"vector": [0, 0, 0]
						}
					},
					"position": {
						"0.0": {
							"vector": [0, 0, 0]
						},
						"0.25": {
							"vector": [0, 1, 3]
						},
						"0.5": {
							"vector": [0, 0, 0]
						},
						"0.75": {
							"vector": [0, 1, 3]
						},
						"1.0": {
							"vector": [0, 0, 0]
						}
					}
				},
				"bone7": {
					"rotation": {
						"0.0": {
							"vector": [0, 0, 0]
						},
						"0.25": {
							"vector": [20, 0, 0]
						},
						"0.5": {
							"vector": [0, 0, 0]
						},
						"0.75": {
							"vector": [20, 0, 0]
						},
						"1.0": {
							"vector": [0, 0, 0]
						}
					},
					"position": {
						"0.0": {
							"vector": [0, 0, 0]
						},
						"0.25": {
							"vector": [0, 1, 3]
						},
						"0.5": {
							"vector": [0, 0, 0]
						},
						"0.75": {
							"vector": [0, 1, 3]
						},
						"1.0": {
							"vector": [0, 0, 0]
						}
					}
				},
				"bone9": {
					"rotation": {
						"0.0": {
							"vector": [0, 0, 0]
						},
						"0.25": {
							"vector": [-62.5, 0, 0]
						},
						"0.75": {
							"vector": [7.5, 0, 0]
						},
						"1.0": {
							"vector": [0, 0, 0]
						}
					},
					"position": {
						"0.0": {
							"vector": [0, 0, 0]
						},
						"0.25": {
							"vector": [0, -1, -1]
						},
						"0.75": {
							"vector": [0, 0, 1]
						},
						"1.0": {
							"vector": [0, 0, 0]
						}
					}
				},
				"bone10": {
					"rotation": {
						"0.0": {
							"vector": [32.5, 0, 0]
						},
						"0.25": {
							"vector": [77.5, 0, 0]
						},
						"0.5": {
							"vector": [-10, 0, 0]
						},
						"0.75": {
							"vector": [-10, 0, 0]
						},
						"1.0": {
							"vector": [32.5, 0, 0]
						}
					},
					"position": {
						"0.0": {
							"vector": [0, 0, 2]
						},
						"0.25": {
							"vector": [0, 2.5, 2.5]
						},
						"0.5": {
							"vector": [0, -0.25, -0.1]
						},
						"0.75": {
							"vector": [0, -0.25, -0.1]
						},
						"1.0": {
							"vector": [0, 0, 2]
						}
					}
				},
				"bone11": {
					"rotation": {
						"0.0": {
							"vector": [12.5, 0, 0]
						},
						"0.25": {
							"vector": [30, 0, 0]
						},
						"0.5": {
							"vector": [-22.5, 0, 0]
						},
						"0.75": {
							"vector": [-22.5, 0, 0]
						},
						"1.0": {
							"vector": [12.5, 0, 0]
						}
					},